INSERT INTO `pmlog`.`project` (`idProject`, `name`, `jiraProjectKeyA1QA`, `jiraProjectKeyPM`) VALUES ('1', 'Mobile', 'Mobile', 'Mobile');
INSERT INTO `pmlog`.`project` (`idProject`, `name`, `jiraProjectKeyA1QA`, `jiraProjectKeyPM`) VALUES ('2', 'Social', 'Social', 'Social');
INSERT INTO `pmlog`.`project` (`idProject`, `name`, `jiraProjectKeyA1QA`, `jiraProjectKeyPM`) VALUES ('3', 'Server', 'Server', 'Server');
INSERT INTO `pmlog`.`project` (`idProject`, `name`, `jiraProjectKeyA1QA`, `jiraProjectKeyPM`) VALUES ('4', 'Other project(-s)', 'Other project(-s)', 'Other project(-s)');

INSERT INTO `pmlog`.`type` (`idType`, `name`) VALUES ('1', 'input');
INSERT INTO `pmlog`.`type` (`idType`, `name`) VALUES ('2', 'dropdown');
INSERT INTO `pmlog`.`type` (`idType`, `name`) VALUES ('3', 'checkbox');

INSERT INTO `pmlog`.`field` (`idField`, `idType`, `name`, `idProject`) VALUES ('1', '2', 'Project', '1');
INSERT INTO `pmlog`.`field` (`idField`, `idType`, `name`, `idProject`) VALUES ('2', '2', 'Activity', '1');
INSERT INTO `pmlog`.`field` (`idField`, `idType`, `name`, `idProject`) VALUES ('3', '1', 'Build', '1');
INSERT INTO `pmlog`.`field` (`idField`, `idType`, `name`, `idProject`) VALUES ('4', '1', 'Devices ', '1');
INSERT INTO `pmlog`.`field` (`idField`, `idType`, `name`, `idProject`) VALUES ('5', '3', 'Environment', '1');
INSERT INTO `pmlog`.`field` (`idField`, `idType`, `name`, `idProject`) VALUES ('6', '1', 'Time spent (in minutes)', '1');
INSERT INTO `pmlog`.`field` (`idField`, `idType`, `name`, `idProject`) VALUES ('7', '1', 'Comment', '1');
INSERT INTO `pmlog`.`field` (`idField`, `idType`, `name`, `idProject`) VALUES ('8', '2', 'Project ', '2');
INSERT INTO `pmlog`.`field` (`idField`, `idType`, `name`, `idProject`) VALUES ('9', '2', 'Activity', '2');
INSERT INTO `pmlog`.`field` (`idField`, `idType`, `name`, `idProject`) VALUES ('10', '1', 'Sprint', '2');
INSERT INTO `pmlog`.`field` (`idField`, `idType`, `name`, `idProject`) VALUES ('11', '1', 'Time spent (in minutes) ', '2');
INSERT INTO `pmlog`.`field` (`idField`, `idType`, `name`, `idProject`) VALUES ('12', '1', 'Comment ', '2');
INSERT INTO `pmlog`.`field` (`idField`, `idType`, `name`, `idProject`) VALUES ('13', '1', 'Link', '2');
INSERT INTO `pmlog`.`field` (`idField`, `idType`, `name`, `idProject`) VALUES ('14', '2', 'Project ', '3');
INSERT INTO `pmlog`.`field` (`idField`, `idType`, `name`, `idProject`) VALUES ('15', '2', 'Activity ', '3');
INSERT INTO `pmlog`.`field` (`idField`, `idType`, `name`, `idProject`) VALUES ('16', '3', 'Environment', '3');
INSERT INTO `pmlog`.`field` (`idField`, `idType`, `name`, `idProject`) VALUES ('17', '1', 'Sprint', '3');
INSERT INTO `pmlog`.`field` (`idField`, `idType`, `name`, `idProject`) VALUES ('18', '1', 'Time spent (in minutes)', '3');
INSERT INTO `pmlog`.`field` (`idField`, `idType`, `name`, `idProject`) VALUES ('19', '1', 'Comment ', '3');
INSERT INTO `pmlog`.`field` (`idField`, `idType`, `name`, `idProject`) VALUES ('20', '1', 'Link', '3');
INSERT INTO `pmlog`.`field` (`idField`, `idType`, `name`, `idProject`) VALUES ('21', '1', 'Project ', '4');
INSERT INTO `pmlog`.`field` (`idField`, `idType`, `name`, `idProject`) VALUES ('22', '2', 'Activity type', '4');
INSERT INTO `pmlog`.`field` (`idField`, `idType`, `name`, `idProject`) VALUES ('23', '1', 'Time spent (in minutes)', '4');
INSERT INTO `pmlog`.`field` (`idField`, `idType`, `name`, `idProject`) VALUES ('24', '1', 'Comment ', '4');


INSERT INTO `pmlog`.`dropdown` (`idDropdown`, `idField`, `itemName`) VALUES ('1', '1', 'Cashman');
INSERT INTO `pmlog`.`dropdown` (`idDropdown`, `idField`, `itemName`) VALUES ('2', '1', 'Heart of Vegas');
INSERT INTO `pmlog`.`dropdown` (`idDropdown`, `idField`, `itemName`) VALUES ('3', '2', 'Regression');
INSERT INTO `pmlog`.`dropdown` (`idDropdown`, `idField`, `itemName`) VALUES ('4', '2', 'Smoke test');
INSERT INTO `pmlog`.`dropdown` (`idDropdown`, `idField`, `itemName`) VALUES ('5', '2', 'Issue and task investigation');
INSERT INTO `pmlog`.`dropdown` (`idDropdown`, `idField`, `itemName`) VALUES ('6', '2', 'Unknown & Need more info Issues');
INSERT INTO `pmlog`.`dropdown` (`idDropdown`, `idField`, `itemName`) VALUES ('7', '2', 'Ad hoc testing');
INSERT INTO `pmlog`.`dropdown` (`idDropdown`, `idField`, `itemName`) VALUES ('8', '2', 'Exploratory testing');
INSERT INTO `pmlog`.`dropdown` (`idDropdown`, `idField`, `itemName`) VALUES ('9', '2', 'Bug verification');
INSERT INTO `pmlog`.`dropdown` (`idDropdown`, `idField`, `itemName`) VALUES ('10', '2', 'Full test pass');
INSERT INTO `pmlog`.`dropdown` (`idDropdown`, `idField`, `itemName`) VALUES ('11', '2', 'Communication');
INSERT INTO `pmlog`.`dropdown` (`idDropdown`, `idField`, `itemName`) VALUES ('12', '2', 'Environment setup');
INSERT INTO `pmlog`.`dropdown` (`idDropdown`, `idField`, `itemName`) VALUES ('13', '2', 'Other');
INSERT INTO `pmlog`.`dropdown` (`idDropdown`, `idField`, `itemName`) VALUES ('14', '5', 'Staging');
INSERT INTO `pmlog`.`dropdown` (`idDropdown`, `idField`, `itemName`) VALUES ('15', '5', 'UAT');
INSERT INTO `pmlog`.`dropdown` (`idDropdown`, `idField`, `itemName`) VALUES ('16', '5', 'Production');
INSERT INTO `pmlog`.`dropdown` (`idDropdown`, `idField`, `itemName`) VALUES ('17', '8', 'Cashman');
INSERT INTO `pmlog`.`dropdown` (`idDropdown`, `idField`, `itemName`) VALUES ('18', '8', 'Heart of Vegas');
INSERT INTO `pmlog`.`dropdown` (`idDropdown`, `idField`, `itemName`) VALUES ('19', '9', 'Communication');
INSERT INTO `pmlog`.`dropdown` (`idDropdown`, `idField`, `itemName`) VALUES ('20', '9', 'Regression');
INSERT INTO `pmlog`.`dropdown` (`idDropdown`, `idField`, `itemName`) VALUES ('21', '9', 'Testing activity');
INSERT INTO `pmlog`.`dropdown` (`idDropdown`, `idField`, `itemName`) VALUES ('22', '9', 'Issue investigation');
INSERT INTO `pmlog`.`dropdown` (`idDropdown`, `idField`, `itemName`) VALUES ('23', '9', 'Test documentation creation');
INSERT INTO `pmlog`.`dropdown` (`idDropdown`, `idField`, `itemName`) VALUES ('24', '9', 'Review');
INSERT INTO `pmlog`.`dropdown` (`idDropdown`, `idField`, `itemName`) VALUES ('25', '9', 'Project Management');
INSERT INTO `pmlog`.`dropdown` (`idDropdown`, `idField`, `itemName`) VALUES ('26', '9', 'Explorative testing');
INSERT INTO `pmlog`.`dropdown` (`idDropdown`, `idField`, `itemName`) VALUES ('27', '9', 'Ad-hoc');
INSERT INTO `pmlog`.`dropdown` (`idDropdown`, `idField`, `itemName`) VALUES ('28', '9', 'Other');
INSERT INTO `pmlog`.`dropdown` (`idDropdown`, `idField`, `itemName`) VALUES ('29', '14', 'CMS');
INSERT INTO `pmlog`.`dropdown` (`idDropdown`, `idField`, `itemName`) VALUES ('30', '14', 'HVS');
INSERT INTO `pmlog`.`dropdown` (`idDropdown`, `idField`, `itemName`) VALUES ('31', '14', 'UMS');
INSERT INTO `pmlog`.`dropdown` (`idDropdown`, `idField`, `itemName`) VALUES ('32', '14', 'JE');
INSERT INTO `pmlog`.`dropdown` (`idDropdown`, `idField`, `itemName`) VALUES ('33', '14', 'FBT');
INSERT INTO `pmlog`.`dropdown` (`idDropdown`, `idField`, `itemName`) VALUES ('34', '14', 'ACL');
INSERT INTO `pmlog`.`dropdown` (`idDropdown`, `idField`, `itemName`) VALUES ('35', '14', 'ACM');
INSERT INTO `pmlog`.`dropdown` (`idDropdown`, `idField`, `itemName`) VALUES ('36', '14', 'SE');
INSERT INTO `pmlog`.`dropdown` (`idDropdown`, `idField`, `itemName`) VALUES ('37', '14', 'Beacon');
INSERT INTO `pmlog`.`dropdown` (`idDropdown`, `idField`, `itemName`) VALUES ('38', '14', 'Cerberus');
INSERT INTO `pmlog`.`dropdown` (`idDropdown`, `idField`, `itemName`) VALUES ('39', '14', 'Trinity');
INSERT INTO `pmlog`.`dropdown` (`idDropdown`, `idField`, `itemName`) VALUES ('40', '15', 'Testing activities');
INSERT INTO `pmlog`.`dropdown` (`idDropdown`, `idField`, `itemName`) VALUES ('41', '15', 'Regression');
INSERT INTO `pmlog`.`dropdown` (`idDropdown`, `idField`, `itemName`) VALUES ('42', '15', 'Test documentation creation');
INSERT INTO `pmlog`.`dropdown` (`idDropdown`, `idField`, `itemName`) VALUES ('43', '15', 'Communication');
INSERT INTO `pmlog`.`dropdown` (`idDropdown`, `idField`, `itemName`) VALUES ('44', '15', 'Review');
INSERT INTO `pmlog`.`dropdown` (`idDropdown`, `idField`, `itemName`) VALUES ('45', '15', 'Code writing');
INSERT INTO `pmlog`.`dropdown` (`idDropdown`, `idField`, `itemName`) VALUES ('46', '15', 'Issue investigation');
INSERT INTO `pmlog`.`dropdown` (`idDropdown`, `idField`, `itemName`) VALUES ('47', '15', 'Project Management');
INSERT INTO `pmlog`.`dropdown` (`idDropdown`, `idField`, `itemName`) VALUES ('48', '15', 'Product investigation');
INSERT INTO `pmlog`.`dropdown` (`idDropdown`, `idField`, `itemName`) VALUES ('49', '15', 'Other');
INSERT INTO `pmlog`.`dropdown` (`idDropdown`, `idField`, `itemName`) VALUES ('50', '16', 'Staging');
INSERT INTO `pmlog`.`dropdown` (`idDropdown`, `idField`, `itemName`) VALUES ('51', '16', 'UAT');
INSERT INTO `pmlog`.`dropdown` (`idDropdown`, `idField`, `itemName`) VALUES ('52', '16', 'Production');
INSERT INTO `pmlog`.`dropdown` (`idDropdown`, `idField`, `itemName`) VALUES ('53', '22', 'Testing');
INSERT INTO `pmlog`.`dropdown` (`idDropdown`, `idField`, `itemName`) VALUES ('54', '22', 'Communication');
INSERT INTO `pmlog`.`dropdown` (`idDropdown`, `idField`, `itemName`) VALUES ('55', '22', 'Other');
